category,condition,item,stim,edv,t,metric,y
narrative_order,end,benz,LATE_MB.mp4,ACC,0,raw,1.02098003683134
narrative_order,end,benz,LATE_MB.mp4,EA,0,raw,4.06076945652174
narrative_order,end,benz,LATE_MB.mp4,HR,0,raw,70.9075262330261
narrative_order,end,benz,LATE_MB.mp4,EA,1,raw,4.04610206666667
narrative_order,end,benz,LATE_MB.mp4,ACC,1,raw,1.02165600402678
narrative_order,end,benz,LATE_MB.mp4,HR,1,raw,71.4662390250732
narrative_order,end,benz,LATE_MB.mp4,EA,2,raw,4.04306611111111
narrative_order,end,benz,LATE_MB.mp4,ACC,2,raw,1.02113836699422
narrative_order,end,benz,LATE_MB.mp4,HR,2,raw,71.6017489829151
narrative_order,end,benz,LATE_MB.mp4,EA,3,raw,4.06425944444444
narrative_order,end,benz,LATE_MB.mp4,ACC,3,raw,1.02070857978077
narrative_order,end,benz,LATE_MB.mp4,HR,3,raw,73.2156341837268
narrative_order,end,benz,LATE_MB.mp4,EA,4,raw,4.14074617777778
narrative_order,end,benz,LATE_MB.mp4,ACC,4,raw,1.02230789134937
narrative_order,end,benz,LATE_MB.mp4,HR,4,raw,72.9633894290064
narrative_order,end,benz,LATE_MB.mp4,EA,5,raw,4.22009868888889
narrative_order,end,benz,LATE_MB.mp4,ACC,5,raw,1.0223135688426
narrative_order,end,benz,LATE_MB.mp4,HR,5,raw,71.1899787734593
narrative_order,end,benz,LATE_MB.mp4,EA,6,raw,4.25789935555556
narrative_order,end,benz,LATE_MB.mp4,ACC,6,raw,1.02218948951126
narrative_order,end,benz,LATE_MB.mp4,HR,6,raw,70.6038934078939
narrative_order,end,benz,LATE_MB.mp4,EA,7,raw,4.28294856521739
narrative_order,end,benz,LATE_MB.mp4,ACC,7,raw,1.02162331484156
narrative_order,end,benz,LATE_MB.mp4,HR,7,raw,70.3951821865024
narrative_order,end,benz,LATE_MB.mp4,ACC,8,raw,1.02224681136359
narrative_order,end,benz,LATE_MB.mp4,EA,8,raw,4.32580417777778
narrative_order,end,benz,LATE_MB.mp4,HR,8,raw,70.2936522762754
narrative_order,end,benz,LATE_MB.mp4,ACC,9,raw,1.02206865490157
narrative_order,end,benz,LATE_MB.mp4,EA,9,raw,4.34238031111111
narrative_order,end,benz,LATE_MB.mp4,HR,9,raw,68.9513460815606
narrative_order,end,benz,LATE_MB.mp4,ACC,10,raw,1.02221828767476
narrative_order,end,benz,LATE_MB.mp4,EA,10,raw,4.36345926666667
narrative_order,end,benz,LATE_MB.mp4,HR,10,raw,69.8846690370215
narrative_order,end,benz,LATE_MB.mp4,ACC,11,raw,1.0221352516823
narrative_order,end,benz,LATE_MB.mp4,EA,11,raw,4.42442575555556
narrative_order,end,benz,LATE_MB.mp4,HR,11,raw,68.6945808592676
narrative_order,end,benz,LATE_MB.mp4,ACC,12,raw,1.02173846099773
narrative_order,end,benz,LATE_MB.mp4,EA,12,raw,4.48221813333333
narrative_order,end,benz,LATE_MB.mp4,HR,12,raw,67.657088575818
narrative_order,end,benz,LATE_MB.mp4,ACC,13,raw,1.02178919644078
narrative_order,end,benz,LATE_MB.mp4,EA,13,raw,4.5139712
narrative_order,end,benz,LATE_MB.mp4,HR,13,raw,65.7134243064478
narrative_order,end,benz,LATE_MB.mp4,ACC,14,raw,1.02188707004456
narrative_order,end,benz,LATE_MB.mp4,EA,14,raw,4.5125548
narrative_order,end,benz,LATE_MB.mp4,HR,14,raw,66.6472210214048
narrative_order,end,benz,LATE_MB.mp4,ACC,15,raw,1.02210461983417
narrative_order,end,benz,LATE_MB.mp4,EA,15,raw,4.48410948888889
narrative_order,end,benz,LATE_MB.mp4,HR,15,raw,66.2273405596311
narrative_order,end,benz,LATE_MB.mp4,ACC,16,raw,1.0223188070492
narrative_order,end,benz,LATE_MB.mp4,EA,16,raw,4.46005519565217
narrative_order,end,benz,LATE_MB.mp4,HR,16,raw,66.0752782822342
narrative_order,end,benz,LATE_MB.mp4,ACC,17,raw,1.02205997925175
narrative_order,end,benz,LATE_MB.mp4,EA,17,raw,4.4378382
narrative_order,end,benz,LATE_MB.mp4,HR,17,raw,66.1561650133621
narrative_order,end,benz,LATE_MB.mp4,ACC,18,raw,1.02245581908503
narrative_order,end,benz,LATE_MB.mp4,EA,18,raw,4.41572908888889
narrative_order,end,benz,LATE_MB.mp4,HR,18,raw,67.0687557950963
narrative_order,end,benz,LATE_MB.mp4,ACC,19,raw,1.02208286459481
narrative_order,end,benz,LATE_MB.mp4,EA,19,raw,4.40400704444444
narrative_order,end,benz,LATE_MB.mp4,HR,19,raw,66.8510246118683
narrative_order,end,benz,LATE_MB.mp4,ACC,20,raw,1.0217359576723
narrative_order,end,benz,LATE_MB.mp4,EA,20,raw,4.39343662222222
narrative_order,end,benz,LATE_MB.mp4,HR,20,raw,66.1012056735616
narrative_order,end,benz,LATE_MB.mp4,ACC,21,raw,1.02211408410596
narrative_order,end,benz,LATE_MB.mp4,EA,21,raw,4.38092406666667
narrative_order,end,benz,LATE_MB.mp4,HR,21,raw,66.5387612278772
narrative_order,end,benz,LATE_MB.mp4,EA,22,raw,4.38000777777778
narrative_order,end,benz,LATE_MB.mp4,ACC,22,raw,1.02238384235689
narrative_order,end,benz,LATE_MB.mp4,HR,22,raw,65.9013581862301
narrative_order,end,benz,LATE_MB.mp4,EA,23,raw,4.3715906
narrative_order,end,benz,LATE_MB.mp4,ACC,23,raw,1.02218031422887
narrative_order,end,benz,LATE_MB.mp4,HR,23,raw,67.6828662722161
narrative_order,end,benz,LATE_MB.mp4,EA,24,raw,4.34213786666667
narrative_order,end,benz,LATE_MB.mp4,ACC,24,raw,1.02195418122652
narrative_order,end,benz,LATE_MB.mp4,HR,24,raw,67.8328758262796
narrative_order,end,benz,LATE_MB.mp4,EA,25,raw,4.30553144444444
narrative_order,end,benz,LATE_MB.mp4,ACC,25,raw,1.02294333821247
narrative_order,end,benz,LATE_MB.mp4,HR,25,raw,68.0657010426822
narrative_order,end,benz,LATE_MB.mp4,EA,26,raw,4.28488982222222
narrative_order,end,benz,LATE_MB.mp4,ACC,26,raw,1.02230520130938
narrative_order,end,benz,LATE_MB.mp4,HR,26,raw,68.0850412429759
narrative_order,end,benz,LATE_MB.mp4,EA,27,raw,4.26544148888889
narrative_order,end,benz,LATE_MB.mp4,ACC,27,raw,1.02214224785371
narrative_order,end,benz,LATE_MB.mp4,HR,27,raw,68.8528244828724
narrative_order,end,benz,LATE_MB.mp4,EA,28,raw,4.25496068888889
narrative_order,end,benz,LATE_MB.mp4,ACC,28,raw,1.02223578563819
narrative_order,end,benz,LATE_MB.mp4,HR,28,raw,69.2638585090079
narrative_order,end,benz,LATE_MB.mp4,EA,29,raw,4.25006263043478
narrative_order,end,benz,LATE_MB.mp4,ACC,29,raw,1.02236200682541
narrative_order,end,benz,LATE_MB.mp4,HR,29,raw,67.1029861709179
narrative_order,end,benz,LATE_MB.mp4,ACC,30,raw,1.02217309262537
narrative_order,end,benz,LATE_MB.mp4,EA,30,raw,4.24349077777778
narrative_order,end,benz,LATE_MB.mp4,HR,30,raw,66.7626427335095
narrative_order,end,benz,LATE_MB.mp4,ACC,31,raw,1.02199716350928
narrative_order,end,benz,LATE_MB.mp4,EA,31,raw,4.2333747173913
narrative_order,end,benz,LATE_MB.mp4,HR,31,raw,66.5312237557544
narrative_order,end,benz,LATE_MB.mp4,ACC,32,raw,1.02205244702139
narrative_order,end,benz,LATE_MB.mp4,EA,32,raw,4.21756617777778
narrative_order,end,benz,LATE_MB.mp4,HR,32,raw,66.4487062052791
narrative_order,end,benz,LATE_MB.mp4,ACC,33,raw,1.02298317205502
narrative_order,end,benz,LATE_MB.mp4,EA,33,raw,4.2085384
narrative_order,end,benz,LATE_MB.mp4,HR,33,raw,66.8227448429067
narrative_order,end,benz,LATE_MB.mp4,ACC,34,raw,1.02217806284257
narrative_order,end,benz,LATE_MB.mp4,EA,34,raw,4.19493524444444
narrative_order,end,benz,LATE_MB.mp4,HR,34,raw,67.3424254422027
narrative_order,end,benz,LATE_MB.mp4,ACC,35,raw,1.0218736130581
narrative_order,end,benz,LATE_MB.mp4,EA,35,raw,4.18862913333333
narrative_order,end,benz,LATE_MB.mp4,HR,35,raw,67.7350449288502
narrative_order,end,benz,LATE_MB.mp4,ACC,36,raw,1.02280181527474
narrative_order,end,benz,LATE_MB.mp4,EA,36,raw,4.17489913043478
narrative_order,end,benz,LATE_MB.mp4,HR,36,raw,68.6496646998632
narrative_order,end,benz,LATE_MB.mp4,ACC,37,raw,1.02268282852333
narrative_order,end,benz,LATE_MB.mp4,EA,37,raw,4.17163717777778
narrative_order,end,benz,LATE_MB.mp4,HR,37,raw,69.0329009079526
narrative_order,end,benz,LATE_MB.mp4,ACC,38,raw,1.02232182579865
narrative_order,end,benz,LATE_MB.mp4,EA,38,raw,4.16657397777778
narrative_order,end,benz,LATE_MB.mp4,HR,38,raw,70.1644471146502
narrative_order,end,benz,LATE_MB.mp4,ACC,39,raw,1.02286746590776
narrative_order,end,benz,LATE_MB.mp4,EA,39,raw,4.16624397777778
narrative_order,end,benz,LATE_MB.mp4,HR,39,raw,70.8604421026492
narrative_order,end,benz,LATE_MB.mp4,ACC,40,raw,1.02210477298776
narrative_order,end,benz,LATE_MB.mp4,EA,40,raw,4.17167037777778
narrative_order,end,benz,LATE_MB.mp4,HR,40,raw,70.7209000087977
narrative_order,end,benz,LATE_MB.mp4,ACC,41,raw,1.02255687166489
narrative_order,end,benz,LATE_MB.mp4,EA,41,raw,4.17641291111111
narrative_order,end,benz,LATE_MB.mp4,HR,41,raw,71.3011502652517
narrative_order,end,benz,LATE_MB.mp4,EA,42,raw,4.18590924444445
narrative_order,end,benz,LATE_MB.mp4,ACC,42,raw,1.02262953166386
narrative_order,end,benz,LATE_MB.mp4,HR,42,raw,72.0557521177025
narrative_order,end,benz,LATE_MB.mp4,ACC,43,raw,1.02272325957632
narrative_order,end,benz,LATE_MB.mp4,EA,43,raw,4.21104155555556
narrative_order,end,benz,LATE_MB.mp4,HR,43,raw,71.952869676437
narrative_order,end,benz,LATE_MB.mp4,ACC,44,raw,1.0226026712719
narrative_order,end,benz,LATE_MB.mp4,EA,44,raw,4.2220414
narrative_order,end,benz,LATE_MB.mp4,HR,44,raw,71.7123504130062
narrative_order,end,benz,LATE_MB.mp4,ACC,45,raw,1.02211251290363
narrative_order,end,benz,LATE_MB.mp4,EA,45,raw,4.25721984444444
narrative_order,end,benz,LATE_MB.mp4,HR,45,raw,71.5798120950862
narrative_order,end,benz,LATE_MB.mp4,EA,46,raw,4.23537617777778
narrative_order,end,benz,LATE_MB.mp4,ACC,46,raw,1.02231120497753
narrative_order,end,benz,LATE_MB.mp4,HR,46,raw,71.2033769990221
narrative_order,end,benz,LATE_MB.mp4,EA,47,raw,4.27969477777778
narrative_order,end,benz,LATE_MB.mp4,ACC,47,raw,1.02306617143482
narrative_order,end,benz,LATE_MB.mp4,HR,47,raw,70.4944944726221
narrative_order,end,benz,LATE_MB.mp4,EA,48,raw,4.30446664444444
narrative_order,end,benz,LATE_MB.mp4,ACC,48,raw,1.02287420803119
narrative_order,end,benz,LATE_MB.mp4,HR,48,raw,69.5159746811535
narrative_order,end,benz,LATE_MB.mp4,EA,49,raw,4.3079545
narrative_order,end,benz,LATE_MB.mp4,ACC,49,raw,1.02245248011882
narrative_order,end,benz,LATE_MB.mp4,HR,49,raw,68.6523058455501
narrative_order,end,benz,LATE_MB.mp4,ACC,50,raw,1.02274424974272
narrative_order,end,benz,LATE_MB.mp4,EA,50,raw,4.3160952
narrative_order,end,benz,LATE_MB.mp4,HR,50,raw,68.8902727673663
narrative_order,end,benz,LATE_MB.mp4,ACC,51,raw,1.0225957919003
narrative_order,end,benz,LATE_MB.mp4,EA,51,raw,4.31550266666667
narrative_order,end,benz,LATE_MB.mp4,HR,51,raw,68.6464194535656
narrative_order,end,benz,LATE_MB.mp4,ACC,52,raw,1.02262672081461
narrative_order,end,benz,LATE_MB.mp4,EA,52,raw,4.31086266666667
narrative_order,end,benz,LATE_MB.mp4,HR,52,raw,69.667659481533
narrative_order,end,benz,LATE_MB.mp4,ACC,53,raw,1.022565673384
narrative_order,end,benz,LATE_MB.mp4,EA,53,raw,4.30445282222222
narrative_order,end,benz,LATE_MB.mp4,HR,53,raw,69.0559498187536
narrative_order,end,benz,LATE_MB.mp4,ACC,54,raw,1.02203787831495
narrative_order,end,benz,LATE_MB.mp4,EA,54,raw,4.29115617777778
narrative_order,end,benz,LATE_MB.mp4,HR,54,raw,69.5066065402206
narrative_order,end,benz,LATE_MB.mp4,ACC,55,raw,1.0226845797278
narrative_order,end,benz,LATE_MB.mp4,EA,55,raw,4.28082219565217
narrative_order,end,benz,LATE_MB.mp4,HR,55,raw,69.4345461781536
narrative_order,end,benz,LATE_MB.mp4,ACC,56,raw,1.02299331297913
narrative_order,end,benz,LATE_MB.mp4,EA,56,raw,4.26380873333333
narrative_order,end,benz,LATE_MB.mp4,HR,56,raw,69.2144892228262
narrative_order,end,benz,LATE_MB.mp4,ACC,57,raw,1.02213190609025
narrative_order,end,benz,LATE_MB.mp4,EA,57,raw,4.24561695652174
narrative_order,end,benz,LATE_MB.mp4,HR,57,raw,68.93769476657
narrative_order,end,benz,LATE_MB.mp4,ACC,58,raw,1.02374341182684
narrative_order,end,benz,LATE_MB.mp4,EA,58,raw,4.23657772222222
narrative_order,end,benz,LATE_MB.mp4,HR,58,raw,69.2328205655347
cluster,man,pizza,pizza.mp4,ACC,0,raw,1.02243153916977
cluster,man,pizza,pizza.mp4,EA,0,raw,4.1654487173913
cluster,man,pizza,pizza.mp4,HR,0,raw,67.5667637065502
cluster,man,pizza,pizza.mp4,EA,1,raw,4.16903182222222
cluster,man,pizza,pizza.mp4,ACC,1,raw,1.02236710485289
cluster,man,pizza,pizza.mp4,HR,1,raw,67.76719995105
cluster,man,pizza,pizza.mp4,EA,2,raw,4.16809951111111
cluster,man,pizza,pizza.mp4,ACC,2,raw,1.02304045944244
cluster,man,pizza,pizza.mp4,HR,2,raw,68.0688489547513
cluster,man,pizza,pizza.mp4,ACC,3,raw,1.02279696749624
cluster,man,pizza,pizza.mp4,EA,3,raw,4.1586044
cluster,man,pizza,pizza.mp4,HR,3,raw,67.8347868125202
cluster,man,pizza,pizza.mp4,ACC,4,raw,1.02295301927411
cluster,man,pizza,pizza.mp4,EA,4,raw,4.14476657777778
cluster,man,pizza,pizza.mp4,HR,4,raw,67.2727000646533
cluster,man,pizza,pizza.mp4,ACC,5,raw,1.0223690835369
cluster,man,pizza,pizza.mp4,EA,5,raw,4.13804246666667
cluster,man,pizza,pizza.mp4,HR,5,raw,67.601011784344
cluster,man,pizza,pizza.mp4,EA,6,raw,4.12691295652174
cluster,man,pizza,pizza.mp4,ACC,6,raw,1.0233941758029
cluster,man,pizza,pizza.mp4,HR,6,raw,68.0243186376943
cluster,man,pizza,pizza.mp4,EA,7,raw,4.12328186666667
cluster,man,pizza,pizza.mp4,ACC,7,raw,1.02306324216994
cluster,man,pizza,pizza.mp4,HR,7,raw,68.7014291687289
cluster,man,pizza,pizza.mp4,ACC,8,raw,1.02340438812168
cluster,man,pizza,pizza.mp4,EA,8,raw,4.11667062222222
cluster,man,pizza,pizza.mp4,HR,8,raw,69.5574835716571
cluster,man,pizza,pizza.mp4,ACC,9,raw,1.02300413922315
cluster,man,pizza,pizza.mp4,EA,9,raw,4.11384828888889
cluster,man,pizza,pizza.mp4,HR,9,raw,70.2754438014712
cluster,man,pizza,pizza.mp4,ACC,10,raw,1.02297819987071
cluster,man,pizza,pizza.mp4,EA,10,raw,4.11056773333333
cluster,man,pizza,pizza.mp4,HR,10,raw,69.5172876767156
cluster,man,pizza,pizza.mp4,ACC,11,raw,1.02286748975736
cluster,man,pizza,pizza.mp4,EA,11,raw,4.11098048888889
cluster,man,pizza,pizza.mp4,HR,11,raw,69.4962916697972
cluster,man,pizza,pizza.mp4,ACC,12,raw,1.0228068291989
cluster,man,pizza,pizza.mp4,EA,12,raw,4.10580942222222
cluster,man,pizza,pizza.mp4,HR,12,raw,69.7067139320288
cluster,man,pizza,pizza.mp4,EA,13,raw,4.09738124444444
cluster,man,pizza,pizza.mp4,ACC,13,raw,1.02314350901869
cluster,man,pizza,pizza.mp4,HR,13,raw,69.9284644795565
cluster,man,pizza,pizza.mp4,EA,14,raw,4.09923611111111
cluster,man,pizza,pizza.mp4,ACC,14,raw,1.02327075858852
cluster,man,pizza,pizza.mp4,HR,14,raw,72.2148035105485
cluster,man,pizza,pizza.mp4,EA,15,raw,4.08459202222222
cluster,man,pizza,pizza.mp4,ACC,15,raw,1.02308037419791
cluster,man,pizza,pizza.mp4,HR,15,raw,71.1086765809591
cluster,man,pizza,pizza.mp4,ACC,16,raw,1.02335074326677
cluster,man,pizza,pizza.mp4,EA,16,raw,4.07855033333333
cluster,man,pizza,pizza.mp4,HR,16,raw,70.8581214145185
cluster,man,pizza,pizza.mp4,ACC,17,raw,1.02274773811386
cluster,man,pizza,pizza.mp4,EA,17,raw,4.07757682222222
cluster,man,pizza,pizza.mp4,HR,17,raw,71.1048040754545
cluster,man,pizza,pizza.mp4,EA,18,raw,4.07825717777778
cluster,man,pizza,pizza.mp4,ACC,18,raw,1.02361618004313
cluster,man,pizza,pizza.mp4,HR,18,raw,70.8259099222457
cluster,man,pizza,pizza.mp4,ACC,19,raw,1.02368343758226
cluster,man,pizza,pizza.mp4,EA,19,raw,4.07340531111111
cluster,man,pizza,pizza.mp4,HR,19,raw,70.3778608940282
cluster,man,pizza,pizza.mp4,EA,20,raw,4.07072364444444
cluster,man,pizza,pizza.mp4,ACC,20,raw,1.02306404565018
cluster,man,pizza,pizza.mp4,HR,20,raw,69.5647563509162
cluster,man,pizza,pizza.mp4,EA,21,raw,4.06863797777778
cluster,man,pizza,pizza.mp4,ACC,21,raw,1.02244506062519
cluster,man,pizza,pizza.mp4,HR,21,raw,69.7658022729304
cluster,man,pizza,pizza.mp4,EA,22,raw,4.07449591111111
cluster,man,pizza,pizza.mp4,ACC,22,raw,1.02316939229178
cluster,man,pizza,pizza.mp4,HR,22,raw,68.8327419493513
cluster,man,pizza,pizza.mp4,EA,23,raw,4.11086604444444
cluster,man,pizza,pizza.mp4,ACC,23,raw,1.02349383065128
cluster,man,pizza,pizza.mp4,HR,23,raw,67.5643327970923
cluster,man,pizza,pizza.mp4,EA,24,raw,4.13806345652174
cluster,man,pizza,pizza.mp4,ACC,24,raw,1.02245493473508
cluster,man,pizza,pizza.mp4,HR,24,raw,67.5336146520465
cluster,man,pizza,pizza.mp4,EA,25,raw,4.15074497826087
cluster,man,pizza,pizza.mp4,ACC,25,raw,1.02373578703886
cluster,man,pizza,pizza.mp4,HR,25,raw,67.63168239201
cluster,man,pizza,pizza.mp4,EA,26,raw,4.15268273333333
cluster,man,pizza,pizza.mp4,ACC,26,raw,1.02294471213176
cluster,man,pizza,pizza.mp4,HR,26,raw,67.8308761925014
cluster,man,pizza,pizza.mp4,EA,27,raw,4.14620526666667
cluster,man,pizza,pizza.mp4,ACC,27,raw,1.02266645268605
cluster,man,pizza,pizza.mp4,HR,27,raw,69.0258998306735
cluster,man,pizza,pizza.mp4,EA,28,raw,4.13676024444445
cluster,man,pizza,pizza.mp4,ACC,28,raw,1.02246866792486
cluster,man,pizza,pizza.mp4,HR,28,raw,68.9021092675645
cluster,man,pizza,pizza.mp4,EA,29,raw,4.13252228888889
cluster,man,pizza,pizza.mp4,ACC,29,raw,1.02292410247266
cluster,man,pizza,pizza.mp4,HR,29,raw,68.8428831153503
cluster,man,pizza,pizza.mp4,ACC,30,raw,1.0229523396638
cluster,man,pizza,pizza.mp4,EA,30,raw,4.12628133333333
cluster,man,pizza,pizza.mp4,HR,30,raw,69.1707837609947
cluster,man,pizza,pizza.mp4,EA,31,raw,4.11553693333333
cluster,man,pizza,pizza.mp4,ACC,31,raw,1.02281621923149
cluster,man,pizza,pizza.mp4,HR,31,raw,69.8985495923766
cluster,man,pizza,pizza.mp4,EA,32,raw,4.1108296
cluster,man,pizza,pizza.mp4,ACC,32,raw,1.02268000178961
cluster,man,pizza,pizza.mp4,HR,32,raw,69.4781661381104
cluster,man,pizza,pizza.mp4,EA,33,raw,4.10483677777778
cluster,man,pizza,pizza.mp4,ACC,33,raw,1.02252267365469
cluster,man,pizza,pizza.mp4,HR,33,raw,69.5428723545895
cluster,man,pizza,pizza.mp4,EA,34,raw,4.09575655555556
cluster,man,pizza,pizza.mp4,ACC,34,raw,1.02301371057946
cluster,man,pizza,pizza.mp4,HR,34,raw,69.3316460531592
cluster,man,pizza,pizza.mp4,EA,35,raw,4.09436902222222
cluster,man,pizza,pizza.mp4,ACC,35,raw,1.02295079282196
cluster,man,pizza,pizza.mp4,HR,35,raw,68.832541852014
cluster,man,pizza,pizza.mp4,EA,36,raw,4.09135911111111
cluster,man,pizza,pizza.mp4,ACC,36,raw,1.02224757388708
cluster,man,pizza,pizza.mp4,HR,36,raw,68.3868840598333
cluster,man,pizza,pizza.mp4,ACC,37,raw,1.02248132255554
cluster,man,pizza,pizza.mp4,EA,37,raw,4.1036486
cluster,man,pizza,pizza.mp4,HR,37,raw,68.2054684315632
cluster,man,pizza,pizza.mp4,EA,38,raw,4.13639686666667
cluster,man,pizza,pizza.mp4,ACC,38,raw,1.02279945623006
cluster,man,pizza,pizza.mp4,HR,38,raw,68.1413518847965
cluster,man,pizza,pizza.mp4,EA,39,raw,4.15433262222222
cluster,man,pizza,pizza.mp4,ACC,39,raw,1.02321751566312
cluster,man,pizza,pizza.mp4,HR,39,raw,68.8538337868406
cluster,man,pizza,pizza.mp4,EA,40,raw,4.1607326
cluster,man,pizza,pizza.mp4,ACC,40,raw,1.02249216009866
cluster,man,pizza,pizza.mp4,HR,40,raw,69.7158044691579
cluster,man,pizza,pizza.mp4,EA,41,raw,4.15715257777778
cluster,man,pizza,pizza.mp4,ACC,41,raw,1.0232747374866
cluster,man,pizza,pizza.mp4,HR,41,raw,69.4651383447627
cluster,man,pizza,pizza.mp4,EA,42,raw,4.15499391304348
cluster,man,pizza,pizza.mp4,ACC,42,raw,1.02267189422442
cluster,man,pizza,pizza.mp4,HR,42,raw,69.7781277707935
cluster,man,pizza,pizza.mp4,ACC,43,raw,1.022656040103
cluster,man,pizza,pizza.mp4,EA,43,raw,4.14978427272727
cluster,man,pizza,pizza.mp4,HR,43,raw,70.1461626978989
cluster,man,pizza,pizza.mp4,EA,44,raw,4.138939
cluster,man,pizza,pizza.mp4,ACC,44,raw,1.02268855976569
cluster,man,pizza,pizza.mp4,HR,44,raw,70.1831877187068
cluster,man,pizza,pizza.mp4,ACC,45,raw,1.0231173316045
cluster,man,pizza,pizza.mp4,EA,45,raw,4.12951195555556
cluster,man,pizza,pizza.mp4,HR,45,raw,71.2329323752657
cluster,man,pizza,pizza.mp4,ACC,46,raw,1.02220845157162
cluster,man,pizza,pizza.mp4,EA,46,raw,4.12544617777778
cluster,man,pizza,pizza.mp4,HR,46,raw,71.2902436451576
cluster,man,pizza,pizza.mp4,EA,47,raw,4.1217949787234
cluster,man,pizza,pizza.mp4,ACC,47,raw,1.02290767566767
cluster,man,pizza,pizza.mp4,HR,47,raw,71.0535412062061
cluster,man,pizza,pizza.mp4,ACC,48,raw,1.0225494580193
cluster,man,pizza,pizza.mp4,EA,48,raw,4.11139936363636
cluster,man,pizza,pizza.mp4,HR,48,raw,70.4595901549935
cluster,man,pizza,pizza.mp4,EA,49,raw,4.10974315555556
cluster,man,pizza,pizza.mp4,ACC,49,raw,1.02248347882448
cluster,man,pizza,pizza.mp4,HR,49,raw,71.2108994933975
cluster,man,pizza,pizza.mp4,EA,50,raw,4.111091
cluster,man,pizza,pizza.mp4,ACC,50,raw,1.02194570707315
cluster,man,pizza,pizza.mp4,HR,50,raw,71.663958197607
cluster,man,pizza,pizza.mp4,EA,51,raw,4.11379748888889
cluster,man,pizza,pizza.mp4,ACC,51,raw,1.02246095614287
cluster,man,pizza,pizza.mp4,HR,51,raw,71.2165020306665
cluster,man,pizza,pizza.mp4,EA,52,raw,4.11269889130435
cluster,man,pizza,pizza.mp4,ACC,52,raw,1.02331137424172
cluster,man,pizza,pizza.mp4,HR,52,raw,70.8872902454283
cluster,man,pizza,pizza.mp4,ACC,53,raw,1.02205607683091
cluster,man,pizza,pizza.mp4,EA,53,raw,4.11802189130435
cluster,man,pizza,pizza.mp4,HR,53,raw,71.2130810942743
cluster,man,pizza,pizza.mp4,ACC,54,raw,1.02268942395865
cluster,man,pizza,pizza.mp4,EA,54,raw,4.11137588888889
cluster,man,pizza,pizza.mp4,HR,54,raw,70.8011008044512
cluster,man,pizza,pizza.mp4,ACC,55,raw,1.02266719527326
cluster,man,pizza,pizza.mp4,EA,55,raw,4.11033571111111
cluster,man,pizza,pizza.mp4,HR,55,raw,70.6316817691319
cluster,man,pizza,pizza.mp4,ACC,56,raw,1.02242041973475
cluster,man,pizza,pizza.mp4,EA,56,raw,4.11810244444444
cluster,man,pizza,pizza.mp4,HR,56,raw,69.4512059843247
cluster,man,pizza,pizza.mp4,ACC,57,raw,1.02229816100123
cluster,man,pizza,pizza.mp4,EA,57,raw,4.12520622222222
cluster,man,pizza,pizza.mp4,HR,57,raw,69.214296795045
cluster,man,pizza,pizza.mp4,ACC,58,raw,1.02216285379283
cluster,man,pizza,pizza.mp4,EA,58,raw,4.11980211111111
cluster,man,pizza,pizza.mp4,HR,58,raw,68.6249573505664
cluster,man,pizza,pizza.mp4,ACC,59,raw,1.02233627596908
cluster,man,pizza,pizza.mp4,EA,59,raw,4.10691695555556
cluster,man,pizza,pizza.mp4,HR,59,raw,68.72882145625
cluster,man,pizza,pizza.mp4,ACC,60,raw,1.02201623781418
cluster,man,pizza,pizza.mp4,EA,60,raw,4.10223808888889
cluster,man,pizza,pizza.mp4,HR,60,raw,69.1771175835231
cluster,man,pizza,pizza.mp4,ACC,61,raw,1.02288227774225
cluster,man,pizza,pizza.mp4,EA,61,raw,4.09766597777778
cluster,man,pizza,pizza.mp4,HR,61,raw,69.2732063847946
cluster,man,pizza,pizza.mp4,ACC,62,raw,1.0225788125512
cluster,man,pizza,pizza.mp4,EA,62,raw,4.09006844444444
cluster,man,pizza,pizza.mp4,HR,62,raw,70.3518639477684
cluster,man,pizza,pizza.mp4,ACC,63,raw,1.02286736469637
cluster,man,pizza,pizza.mp4,EA,63,raw,4.08437242222222
cluster,man,pizza,pizza.mp4,HR,63,raw,70.5645471002039
cluster,man,pizza,pizza.mp4,ACC,64,raw,1.0221164935312
cluster,man,pizza,pizza.mp4,EA,64,raw,4.08764864444444
cluster,man,pizza,pizza.mp4,HR,64,raw,70.3399636657884
cluster,man,pizza,pizza.mp4,ACC,65,raw,1.02186082513186
cluster,man,pizza,pizza.mp4,EA,65,raw,4.09748151111111
cluster,man,pizza,pizza.mp4,HR,65,raw,70.958367155502
cluster,man,pizza,pizza.mp4,ACC,66,raw,1.02238699944814
cluster,man,pizza,pizza.mp4,EA,66,raw,4.1089826
cluster,man,pizza,pizza.mp4,HR,66,raw,70.6151115682497
cluster,man,pizza,pizza.mp4,ACC,67,raw,1.02229655161186
cluster,man,pizza,pizza.mp4,EA,67,raw,4.11332415555556
cluster,man,pizza,pizza.mp4,HR,67,raw,70.2102391852468
cluster,man,pizza,pizza.mp4,ACC,68,raw,1.0222417333839
cluster,man,pizza,pizza.mp4,EA,68,raw,4.11290365217391
cluster,man,pizza,pizza.mp4,HR,68,raw,70.9681020453391
cluster,man,pizza,pizza.mp4,ACC,69,raw,1.02223567734143
cluster,man,pizza,pizza.mp4,EA,69,raw,4.11147575555556
cluster,man,pizza,pizza.mp4,HR,69,raw,70.2480792992588
cluster,man,pizza,pizza.mp4,ACC,70,raw,1.02242125005947
cluster,man,pizza,pizza.mp4,EA,70,raw,4.10803533333333
cluster,man,pizza,pizza.mp4,HR,70,raw,70.4750338569541
cluster,man,pizza,pizza.mp4,ACC,71,raw,1.0227175026549
cluster,man,pizza,pizza.mp4,EA,71,raw,4.09996782222222
cluster,man,pizza,pizza.mp4,HR,71,raw,71.5183678141564
cluster,man,pizza,pizza.mp4,ACC,72,raw,1.02184838123055
cluster,man,pizza,pizza.mp4,EA,72,raw,4.09638142222222
cluster,man,pizza,pizza.mp4,HR,72,raw,71.0146732529156
cluster,man,pizza,pizza.mp4,ACC,73,raw,1.02258903774231
cluster,man,pizza,pizza.mp4,EA,73,raw,4.09046346666667
cluster,man,pizza,pizza.mp4,HR,73,raw,71.1931544930451
cluster,man,pizza,pizza.mp4,ACC,74,raw,1.02219596023435
cluster,man,pizza,pizza.mp4,EA,74,raw,4.08591664444444
cluster,man,pizza,pizza.mp4,HR,74,raw,70.7278427158357
cluster,man,pizza,pizza.mp4,ACC,75,raw,1.02230838332247
cluster,man,pizza,pizza.mp4,EA,75,raw,4.07692151111111
cluster,man,pizza,pizza.mp4,HR,75,raw,70.8596020849073
cluster,man,pizza,pizza.mp4,ACC,76,raw,1.0224389421737
cluster,man,pizza,pizza.mp4,EA,76,raw,4.07115713333333
cluster,man,pizza,pizza.mp4,HR,76,raw,70.015322156716
cluster,man,pizza,pizza.mp4,ACC,77,raw,1.02212726399661
cluster,man,pizza,pizza.mp4,EA,77,raw,4.06290113333333
cluster,man,pizza,pizza.mp4,HR,77,raw,68.7808448515236
cluster,man,pizza,pizza.mp4,ACC,78,raw,1.02211352256232
cluster,man,pizza,pizza.mp4,EA,78,raw,4.05796966666667
cluster,man,pizza,pizza.mp4,HR,78,raw,68.230060940479
cluster,man,pizza,pizza.mp4,ACC,79,raw,1.02185669929526
cluster,man,pizza,pizza.mp4,EA,79,raw,4.05671897777778
cluster,man,pizza,pizza.mp4,HR,79,raw,69.0349716927782
cluster,man,pizza,pizza.mp4,ACC,80,raw,1.02225364435006
cluster,man,pizza,pizza.mp4,EA,80,raw,4.05523515555556
cluster,man,pizza,pizza.mp4,HR,80,raw,68.3652973064784
cluster,man,pizza,pizza.mp4,ACC,81,raw,1.02255822319114
cluster,man,pizza,pizza.mp4,EA,81,raw,4.0520006
cluster,man,pizza,pizza.mp4,HR,81,raw,68.5334471635058
cluster,man,pizza,pizza.mp4,ACC,82,raw,1.02240301643504
cluster,man,pizza,pizza.mp4,EA,82,raw,4.05098133333333
cluster,man,pizza,pizza.mp4,HR,82,raw,68.7039575033615
cluster,man,pizza,pizza.mp4,ACC,83,raw,1.02224201129375
cluster,man,pizza,pizza.mp4,EA,83,raw,4.05638731111111
cluster,man,pizza,pizza.mp4,HR,83,raw,70.4580223353355
cluster,man,pizza,pizza.mp4,ACC,84,raw,1.02238320354693
cluster,man,pizza,pizza.mp4,EA,84,raw,4.06526054347826
cluster,man,pizza,pizza.mp4,HR,84,raw,69.7587769775554
cluster,man,pizza,pizza.mp4,ACC,85,raw,1.02188266645127
cluster,man,pizza,pizza.mp4,EA,85,raw,4.07440691111111
cluster,man,pizza,pizza.mp4,HR,85,raw,69.5156920564769
cluster,man,pizza,pizza.mp4,ACC,86,raw,1.02249482031622
cluster,man,pizza,pizza.mp4,EA,86,raw,4.07049237777778
cluster,man,pizza,pizza.mp4,HR,86,raw,68.4040802361125
cluster,man,pizza,pizza.mp4,ACC,87,raw,1.02135922528493
cluster,man,pizza,pizza.mp4,EA,87,raw,4.05854722222222
cluster,man,pizza,pizza.mp4,HR,87,raw,67.8081267597454
cluster,man,pizza,pizza.mp4,ACC,88,raw,1.02230994395681
cluster,man,pizza,pizza.mp4,EA,88,raw,4.05671397826087
cluster,man,pizza,pizza.mp4,HR,88,raw,68.5688001345723
cluster,man,pizza,pizza.mp4,ACC,89,raw,1.02254703564109
cluster,man,pizza,pizza.mp4,EA,89,raw,4.04999551111111
cluster,man,pizza,pizza.mp4,HR,89,raw,68.3747297975718
cluster,man,pizza,pizza.mp4,ACC,90,raw,1.02220237888679
cluster,man,pizza,pizza.mp4,EA,90,raw,4.0470482
cluster,man,pizza,pizza.mp4,HR,90,raw,68.195584116778
cluster,man,pizza,pizza.mp4,ACC,91,raw,1.02191928559492
cluster,man,pizza,pizza.mp4,EA,91,raw,4.04319117777778
cluster,man,pizza,pizza.mp4,HR,91,raw,68.5410301409926
cluster,man,pizza,pizza.mp4,ACC,92,raw,1.02278233805913
cluster,man,pizza,pizza.mp4,EA,92,raw,4.03782748888889
cluster,man,pizza,pizza.mp4,HR,92,raw,68.6632796887684
cluster,man,pizza,pizza.mp4,ACC,93,raw,1.0220315720332
cluster,man,pizza,pizza.mp4,EA,93,raw,4.03007431111111
cluster,man,pizza,pizza.mp4,HR,93,raw,69.1881248649008
cluster,man,pizza,pizza.mp4,ACC,94,raw,1.02673312831126
cluster,man,pizza,pizza.mp4,EA,94,raw,4.028923
narrative_order,end,benz,LATE_MB.mp4,ACC,59,raw,1.03439796774926
narrative_order,end,benz,LATE_MB.mp4,EA,59,raw,4.30864586666667
narrative_order,end,benz,LATE_MB.mp4,HR,59,raw,70.0748873051119
narrative_order,end,benz,LATE_MB.mp4,ACC,60,raw,1.0346948785155
narrative_order,end,benz,LATE_MB.mp4,EA,60,raw,4.2909668
narrative_order,end,benz,LATE_MB.mp4,HR,60,raw,68.5176675872205
narrative_order,end,benz,LATE_MB.mp4,ACC,61,raw,1.03487285186058
narrative_order,end,benz,LATE_MB.mp4,EA,61,raw,4.27979553333333
narrative_order,end,benz,LATE_MB.mp4,HR,61,raw,68.6156900015084
narrative_order,end,benz,LATE_MB.mp4,ACC,62,raw,1.0342809882305
narrative_order,end,benz,LATE_MB.mp4,EA,62,raw,4.26483033333333
narrative_order,end,benz,LATE_MB.mp4,HR,62,raw,68.7139932823128
narrative_order,end,benz,LATE_MB.mp4,ACC,63,raw,1.03464334840637
narrative_order,end,benz,LATE_MB.mp4,EA,63,raw,4.26142761538462
narrative_order,end,benz,LATE_MB.mp4,HR,63,raw,68.6156900015084
cluster,man,pizza,pizza.mp4,HR,94,raw,71.5618875662283
narrative_order,end,benz,LATE_MB.mp4,ACC,0,norm,-0.483524197787442
narrative_order,end,benz,LATE_MB.mp4,EA,0,norm,-1.02572596784839
narrative_order,end,benz,LATE_MB.mp4,HR,0,norm,0.697065419484307
narrative_order,end,benz,LATE_MB.mp4,EA,1,norm,-1.11468300981385
narrative_order,end,benz,LATE_MB.mp4,ACC,1,norm,-0.276724462348621
narrative_order,end,benz,LATE_MB.mp4,HR,1,norm,0.995616708619375
narrative_order,end,benz,LATE_MB.mp4,EA,2,norm,-1.13159838474918
narrative_order,end,benz,LATE_MB.mp4,ACC,2,norm,-0.354218136227425
narrative_order,end,benz,LATE_MB.mp4,HR,2,norm,1.01447493749304
narrative_order,end,benz,LATE_MB.mp4,EA,3,norm,-1.03315865136931
narrative_order,end,benz,LATE_MB.mp4,ACC,3,norm,-0.526671128491072
narrative_order,end,benz,LATE_MB.mp4,HR,3,norm,1.71170049771719
narrative_order,end,benz,LATE_MB.mp4,EA,4,norm,-0.632435004070369
narrative_order,end,benz,LATE_MB.mp4,ACC,4,norm,-0.0620860507407557
narrative_order,end,benz,LATE_MB.mp4,HR,4,norm,1.5800882171212
narrative_order,end,benz,LATE_MB.mp4,EA,5,norm,-0.132400054616798
narrative_order,end,benz,LATE_MB.mp4,ACC,5,norm,-0.0993067203639725
narrative_order,end,benz,LATE_MB.mp4,HR,5,norm,0.870599576934507
narrative_order,end,benz,LATE_MB.mp4,EA,6,norm,0.129905244828858
narrative_order,end,benz,LATE_MB.mp4,ACC,6,norm,-0.154318835943796
narrative_order,end,benz,LATE_MB.mp4,HR,6,norm,0.603406931862966
narrative_order,end,benz,LATE_MB.mp4,EA,7,norm,0.380858838651093
narrative_order,end,benz,LATE_MB.mp4,ACC,7,norm,-0.143281134425092
narrative_order,end,benz,LATE_MB.mp4,HR,7,norm,0.501304229096056
narrative_order,end,benz,LATE_MB.mp4,ACC,8,norm,-0.0563112836973152
narrative_order,end,benz,LATE_MB.mp4,EA,8,norm,0.842631461945427
narrative_order,end,benz,LATE_MB.mp4,HR,8,norm,0.455944458326971
narrative_order,end,benz,LATE_MB.mp4,ACC,9,norm,-0.149021025317567
narrative_order,end,benz,LATE_MB.mp4,EA,9,norm,1.05638814474375
narrative_order,end,benz,LATE_MB.mp4,HR,9,norm,-0.176430228999182
narrative_order,end,benz,LATE_MB.mp4,ACC,10,norm,-0.0862284890938434
narrative_order,end,benz,LATE_MB.mp4,EA,10,norm,1.26741692288425
narrative_order,end,benz,LATE_MB.mp4,HR,10,norm,0.11431014649015
narrative_order,end,benz,LATE_MB.mp4,ACC,11,norm,-0.208918163642883
narrative_order,end,benz,LATE_MB.mp4,EA,11,norm,1.58171563962467
narrative_order,end,benz,LATE_MB.mp4,HR,11,norm,-0.402121358001375
narrative_order,end,benz,LATE_MB.mp4,ACC,12,norm,-0.133073245790119
narrative_order,end,benz,LATE_MB.mp4,EA,12,norm,1.88273637979902
narrative_order,end,benz,LATE_MB.mp4,HR,12,norm,-0.834506979307303
narrative_order,end,benz,LATE_MB.mp4,ACC,13,norm,-0.228455842568176
narrative_order,end,benz,LATE_MB.mp4,EA,13,norm,2.05849214821644
narrative_order,end,benz,LATE_MB.mp4,HR,13,norm,-1.66649380611432
narrative_order,end,benz,LATE_MB.mp4,ACC,14,norm,-0.182030262045326
narrative_order,end,benz,LATE_MB.mp4,EA,14,norm,2.01068385997655
narrative_order,end,benz,LATE_MB.mp4,HR,14,norm,-1.23617348488719
narrative_order,end,benz,LATE_MB.mp4,ACC,15,norm,-0.112799965588699
narrative_order,end,benz,LATE_MB.mp4,EA,15,norm,1.74225688232458
narrative_order,end,benz,LATE_MB.mp4,HR,15,norm,-1.42620046905826
narrative_order,end,benz,LATE_MB.mp4,ACC,16,norm,-0.116096199944564
narrative_order,end,benz,LATE_MB.mp4,EA,16,norm,1.55746589122835
narrative_order,end,benz,LATE_MB.mp4,HR,16,norm,-1.49341838664876
narrative_order,end,benz,LATE_MB.mp4,ACC,17,norm,-0.0644054723376032
narrative_order,end,benz,LATE_MB.mp4,EA,17,norm,1.41302731370957
narrative_order,end,benz,LATE_MB.mp4,HR,17,norm,-1.45672774850106
narrative_order,end,benz,LATE_MB.mp4,ACC,18,norm,-0.0140585725431844
narrative_order,end,benz,LATE_MB.mp4,EA,18,norm,1.280428820264
narrative_order,end,benz,LATE_MB.mp4,HR,18,norm,-1.00995848043251
narrative_order,end,benz,LATE_MB.mp4,ACC,19,norm,-0.166573953889409
narrative_order,end,benz,LATE_MB.mp4,EA,19,norm,1.209291310793
narrative_order,end,benz,LATE_MB.mp4,HR,19,norm,-1.11855828574867
narrative_order,end,benz,LATE_MB.mp4,ACC,20,norm,-0.179332378362532
narrative_order,end,benz,LATE_MB.mp4,EA,20,norm,1.19420910114015
narrative_order,end,benz,LATE_MB.mp4,HR,20,norm,-1.44303647456603
narrative_order,end,benz,LATE_MB.mp4,ACC,21,norm,-0.0174994937636513
narrative_order,end,benz,LATE_MB.mp4,EA,21,norm,1.21218615670349
narrative_order,end,benz,LATE_MB.mp4,HR,21,norm,-1.25839539767369
narrative_order,end,benz,LATE_MB.mp4,EA,22,norm,1.34593609298532
narrative_order,end,benz,LATE_MB.mp4,ACC,22,norm,-0.0767718351759607
narrative_order,end,benz,LATE_MB.mp4,HR,22,norm,-1.53156210776265
narrative_order,end,benz,LATE_MB.mp4,EA,23,norm,1.34332945882005
narrative_order,end,benz,LATE_MB.mp4,ACC,23,norm,-0.0897931014284249
narrative_order,end,benz,LATE_MB.mp4,HR,23,norm,-0.800636067082601
narrative_order,end,benz,LATE_MB.mp4,EA,24,norm,1.12768605284968
narrative_order,end,benz,LATE_MB.mp4,ACC,24,norm,-0.193125091452401
narrative_order,end,benz,LATE_MB.mp4,HR,24,norm,-0.724727238530357
narrative_order,end,benz,LATE_MB.mp4,EA,25,norm,0.819937586752867
narrative_order,end,benz,LATE_MB.mp4,ACC,25,norm,0.108279992714394
narrative_order,end,benz,LATE_MB.mp4,HR,25,norm,-0.612202734267633
narrative_order,end,benz,LATE_MB.mp4,EA,26,norm,0.612258669935587
narrative_order,end,benz,LATE_MB.mp4,ACC,26,norm,0.0233725751848562
narrative_order,end,benz,LATE_MB.mp4,HR,26,norm,-0.604104928069174
narrative_order,end,benz,LATE_MB.mp4,EA,27,norm,0.46491197910832
narrative_order,end,benz,LATE_MB.mp4,ACC,27,norm,-0.179579425558419
narrative_order,end,benz,LATE_MB.mp4,HR,27,norm,-0.226211075138908
narrative_order,end,benz,LATE_MB.mp4,EA,28,norm,0.379156982370667
narrative_order,end,benz,LATE_MB.mp4,ACC,28,norm,-0.100293917525956
narrative_order,end,benz,LATE_MB.mp4,HR,28,norm,-0.0499769965333046
narrative_order,end,benz,LATE_MB.mp4,EA,29,norm,0.320677132829522
narrative_order,end,benz,LATE_MB.mp4,ACC,29,norm,-0.144331973814338
narrative_order,end,benz,LATE_MB.mp4,HR,29,norm,-0.978939491366711
narrative_order,end,benz,LATE_MB.mp4,ACC,30,norm,-0.108023753332214
narrative_order,end,benz,LATE_MB.mp4,EA,30,norm,0.263288430514186
narrative_order,end,benz,LATE_MB.mp4,HR,30,norm,-1.1466722471552
narrative_order,end,benz,LATE_MB.mp4,ACC,31,norm,-0.0489597905908519
narrative_order,end,benz,LATE_MB.mp4,EA,31,norm,0.176572327656748
narrative_order,end,benz,LATE_MB.mp4,HR,31,norm,-1.25963034132495
narrative_order,end,benz,LATE_MB.mp4,ACC,32,norm,-0.120290977030268
narrative_order,end,benz,LATE_MB.mp4,EA,32,norm,0.072970069408626
narrative_order,end,benz,LATE_MB.mp4,HR,32,norm,-1.29719903908942
narrative_order,end,benz,LATE_MB.mp4,ACC,33,norm,0.0482210194781456
narrative_order,end,benz,LATE_MB.mp4,EA,33,norm,0.0191608050991386
narrative_order,end,benz,LATE_MB.mp4,HR,33,norm,-1.13186709521835
narrative_order,end,benz,LATE_MB.mp4,ACC,34,norm,-0.10410840844649
narrative_order,end,benz,LATE_MB.mp4,EA,34,norm,-0.0630575141965245
narrative_order,end,benz,LATE_MB.mp4,HR,34,norm,-0.893311791580012
narrative_order,end,benz,LATE_MB.mp4,ACC,35,norm,-0.078978120177506
narrative_order,end,benz,LATE_MB.mp4,EA,35,norm,-0.0984015042327241
narrative_order,end,benz,LATE_MB.mp4,HR,35,norm,-0.708599924359669
narrative_order,end,benz,LATE_MB.mp4,ACC,36,norm,0.0773737974145532
narrative_order,end,benz,LATE_MB.mp4,EA,36,norm,-0.168305850996401
narrative_order,end,benz,LATE_MB.mp4,HR,36,norm,-0.26683008150704
narrative_order,end,benz,LATE_MB.mp4,ACC,37,norm,0.070633564413028
narrative_order,end,benz,LATE_MB.mp4,EA,37,norm,-0.18408156551586
narrative_order,end,benz,LATE_MB.mp4,HR,37,norm,-0.0926416407084077
narrative_order,end,benz,LATE_MB.mp4,ACC,38,norm,-0.102625786200516
narrative_order,end,benz,LATE_MB.mp4,EA,38,norm,-0.195996303182924
narrative_order,end,benz,LATE_MB.mp4,HR,38,norm,0.433606365129989
narrative_order,end,benz,LATE_MB.mp4,ACC,39,norm,0.0618544767711146
narrative_order,end,benz,LATE_MB.mp4,EA,39,norm,-0.166529995449188
narrative_order,end,benz,LATE_MB.mp4,HR,39,norm,0.727222681121166
narrative_order,end,benz,LATE_MB.mp4,ACC,40,norm,-0.0040009861147095
narrative_order,end,benz,LATE_MB.mp4,EA,40,norm,-0.0627355746597567
narrative_order,end,benz,LATE_MB.mp4,HR,40,norm,0.684399796545499
narrative_order,end,benz,LATE_MB.mp4,ACC,41,norm,0.0314202605396048
narrative_order,end,benz,LATE_MB.mp4,EA,41,norm,0.0155037026326513
narrative_order,end,benz,LATE_MB.mp4,HR,41,norm,0.950776979910471
narrative_order,end,benz,LATE_MB.mp4,EA,42,norm,0.0953002990548615
narrative_order,end,benz,LATE_MB.mp4,ACC,42,norm,0.0488793367861564
narrative_order,end,benz,LATE_MB.mp4,HR,42,norm,1.27206695636079
narrative_order,end,benz,LATE_MB.mp4,ACC,43,norm,0.114445100980833
narrative_order,end,benz,LATE_MB.mp4,EA,43,norm,0.228608577520407
narrative_order,end,benz,LATE_MB.mp4,HR,43,norm,1.22705937940454
narrative_order,end,benz,LATE_MB.mp4,ACC,44,norm,-0.00664468008834975
narrative_order,end,benz,LATE_MB.mp4,EA,44,norm,0.287246483963907
narrative_order,end,benz,LATE_MB.mp4,HR,44,norm,1.1197246732957
narrative_order,end,benz,LATE_MB.mp4,ACC,45,norm,-0.0791594202926062
narrative_order,end,benz,LATE_MB.mp4,EA,45,norm,0.477622506882968
narrative_order,end,benz,LATE_MB.mp4,HR,45,norm,1.06582321329149
narrative_order,end,benz,LATE_MB.mp4,EA,46,norm,0.33580788293277
narrative_order,end,benz,LATE_MB.mp4,ACC,46,norm,-0.0367229267102513
narrative_order,end,benz,LATE_MB.mp4,HR,46,norm,0.918634833056578
narrative_order,end,benz,LATE_MB.mp4,EA,47,norm,0.567596252460415
narrative_order,end,benz,LATE_MB.mp4,ACC,47,norm,0.173261189325291
narrative_order,end,benz,LATE_MB.mp4,HR,47,norm,0.5935642734061
narrative_order,end,benz,LATE_MB.mp4,EA,48,norm,0.677147805309772
narrative_order,end,benz,LATE_MB.mp4,ACC,48,norm,0.129309947204965
narrative_order,end,benz,LATE_MB.mp4,HR,48,norm,0.168372186291887
narrative_order,end,benz,LATE_MB.mp4,EA,49,norm,0.668443284047505
narrative_order,end,benz,LATE_MB.mp4,ACC,49,norm,-0.0261290407379098
narrative_order,end,benz,LATE_MB.mp4,HR,49,norm,-0.209761206326578
narrative_order,end,benz,LATE_MB.mp4,ACC,50,norm,0.0802647401031626
narrative_order,end,benz,LATE_MB.mp4,EA,50,norm,0.687211810677333
narrative_order,end,benz,LATE_MB.mp4,HR,50,norm,-0.145789404483918
narrative_order,end,benz,LATE_MB.mp4,ACC,51,norm,0.0383024848248025
narrative_order,end,benz,LATE_MB.mp4,EA,51,norm,0.653256128133751
narrative_order,end,benz,LATE_MB.mp4,HR,51,norm,-0.254935781019648
narrative_order,end,benz,LATE_MB.mp4,ACC,52,norm,0.043612050276189
narrative_order,end,benz,LATE_MB.mp4,EA,52,norm,0.608394148447119
narrative_order,end,benz,LATE_MB.mp4,HR,52,norm,0.222373720105907
narrative_order,end,benz,LATE_MB.mp4,ACC,53,norm,0.0441097146449912
narrative_order,end,benz,LATE_MB.mp4,EA,53,norm,0.561886299698243
narrative_order,end,benz,LATE_MB.mp4,HR,53,norm,-0.0908537523527971
narrative_order,end,benz,LATE_MB.mp4,ACC,54,norm,-0.0463296413318365
narrative_order,end,benz,LATE_MB.mp4,EA,54,norm,0.466116577958936
narrative_order,end,benz,LATE_MB.mp4,HR,54,norm,0.0811201509546395
narrative_order,end,benz,LATE_MB.mp4,ACC,55,norm,-0.0507466351484579
narrative_order,end,benz,LATE_MB.mp4,EA,55,norm,0.393603547003606
narrative_order,end,benz,LATE_MB.mp4,HR,55,norm,0.0468588419550041
narrative_order,end,benz,LATE_MB.mp4,ACC,56,norm,0.167909802882956
narrative_order,end,benz,LATE_MB.mp4,EA,56,norm,0.281479842659721
narrative_order,end,benz,LATE_MB.mp4,HR,56,norm,-0.0529958467022285
narrative_order,end,benz,LATE_MB.mp4,ACC,57,norm,-0.131370584491157
narrative_order,end,benz,LATE_MB.mp4,EA,57,norm,0.163302298642957
narrative_order,end,benz,LATE_MB.mp4,HR,57,norm,-0.181945704502523
narrative_order,end,benz,LATE_MB.mp4,ACC,58,norm,0.0717583132918034
narrative_order,end,benz,LATE_MB.mp4,EA,58,norm,0.13073484058043
narrative_order,end,benz,LATE_MB.mp4,HR,58,norm,-0.0751064721955396
cluster,man,pizza,pizza.mp4,ACC,0,norm,0.0540043722135115
cluster,man,pizza,pizza.mp4,EA,0,norm,0.326793463466358
cluster,man,pizza,pizza.mp4,HR,0,norm,-0.828191112537376
cluster,man,pizza,pizza.mp4,EA,1,norm,0.339553535908432
cluster,man,pizza,pizza.mp4,ACC,1,norm,-0.0378335871410758
cluster,man,pizza,pizza.mp4,HR,1,norm,-0.748718344658364
cluster,man,pizza,pizza.mp4,EA,2,norm,0.320022737863921
cluster,man,pizza,pizza.mp4,ACC,2,norm,0.161896797487411
cluster,man,pizza,pizza.mp4,HR,2,norm,-0.556704235612173
cluster,man,pizza,pizza.mp4,ACC,3,norm,0.0339900666880973
cluster,man,pizza,pizza.mp4,EA,3,norm,0.247444798704484
cluster,man,pizza,pizza.mp4,HR,3,norm,-0.655127555046102
cluster,man,pizza,pizza.mp4,ACC,4,norm,0.151122840284315
cluster,man,pizza,pizza.mp4,EA,4,norm,0.144687794084274
cluster,man,pizza,pizza.mp4,HR,4,norm,-0.903391876992276
cluster,man,pizza,pizza.mp4,ACC,5,norm,0.0735907643920072
cluster,man,pizza,pizza.mp4,EA,5,norm,0.0704979113738679
cluster,man,pizza,pizza.mp4,HR,5,norm,-0.746857246676262
cluster,man,pizza,pizza.mp4,EA,6,norm,-0.0285927521991469
cluster,man,pizza,pizza.mp4,ACC,6,norm,0.229487445249167
cluster,man,pizza,pizza.mp4,HR,6,norm,-0.551083839767391
cluster,man,pizza,pizza.mp4,EA,7,norm,-0.0675940481040037
cluster,man,pizza,pizza.mp4,ACC,7,norm,0.176846363977845
cluster,man,pizza,pizza.mp4,HR,7,norm,-0.250840410173769
cluster,man,pizza,pizza.mp4,ACC,8,norm,0.315576365214335
cluster,man,pizza,pizza.mp4,EA,8,norm,-0.134899687086511
cluster,man,pizza,pizza.mp4,HR,8,norm,0.156831949511279
cluster,man,pizza,pizza.mp4,ACC,9,norm,0.117444117384321
cluster,man,pizza,pizza.mp4,EA,9,norm,-0.182103130872068
cluster,man,pizza,pizza.mp4,HR,9,norm,0.433114946896152
cluster,man,pizza,pizza.mp4,ACC,10,norm,0.153284496225568
cluster,man,pizza,pizza.mp4,EA,10,norm,-0.231945977498928
cluster,man,pizza,pizza.mp4,HR,10,norm,0.0867238280632419
cluster,man,pizza,pizza.mp4,ACC,11,norm,0.139019660150787
cluster,man,pizza,pizza.mp4,EA,11,norm,-0.250317450354793
cluster,man,pizza,pizza.mp4,HR,11,norm,0.0613330278289352
cluster,man,pizza,pizza.mp4,ACC,12,norm,0.158930909444465
cluster,man,pizza,pizza.mp4,EA,12,norm,-0.300868422346239
cluster,man,pizza,pizza.mp4,HR,12,norm,0.140278309742459
cluster,man,pizza,pizza.mp4,EA,13,norm,-0.37951319753995
cluster,man,pizza,pizza.mp4,ACC,13,norm,0.215132629074731
cluster,man,pizza,pizza.mp4,HR,13,norm,0.227011030684844
cluster,man,pizza,pizza.mp4,EA,14,norm,-0.397685116425182
cluster,man,pizza,pizza.mp4,ACC,14,norm,0.200142991337086
cluster,man,pizza,pizza.mp4,HR,14,norm,1.27236745514914
cluster,man,pizza,pizza.mp4,EA,15,norm,-0.506781003898131
cluster,man,pizza,pizza.mp4,ACC,15,norm,0.197666611873751
cluster,man,pizza,pizza.mp4,HR,15,norm,0.764904132493279
cluster,man,pizza,pizza.mp4,ACC,16,norm,0.271500174704974
cluster,man,pizza,pizza.mp4,EA,16,norm,-0.566268214604673
cluster,man,pizza,pizza.mp4,HR,16,norm,0.654497976638427
cluster,man,pizza,pizza.mp4,ACC,17,norm,0.149418164430282
cluster,man,pizza,pizza.mp4,EA,17,norm,-0.574679770758388
cluster,man,pizza,pizza.mp4,HR,17,norm,0.773470248497953
cluster,man,pizza,pizza.mp4,EA,18,norm,-0.571922723097289
cluster,man,pizza,pizza.mp4,ACC,18,norm,0.247717566453742
cluster,man,pizza,pizza.mp4,HR,18,norm,0.663718241669145
cluster,man,pizza,pizza.mp4,ACC,19,norm,0.444781847219283
cluster,man,pizza,pizza.mp4,EA,19,norm,-0.601329540350333
cluster,man,pizza,pizza.mp4,HR,19,norm,0.471486343019405
cluster,man,pizza,pizza.mp4,EA,20,norm,-0.618303497387004
cluster,man,pizza,pizza.mp4,ACC,20,norm,0.187603878129997
cluster,man,pizza,pizza.mp4,HR,20,norm,0.112365147958989
cluster,man,pizza,pizza.mp4,EA,21,norm,-0.620167961433339
cluster,man,pizza,pizza.mp4,ACC,21,norm,0.00417737601138975
cluster,man,pizza,pizza.mp4,HR,21,norm,0.202616569764889
cluster,man,pizza,pizza.mp4,EA,22,norm,-0.522136894397055
cluster,man,pizza,pizza.mp4,ACC,22,norm,0.140532444273059
cluster,man,pizza,pizza.mp4,HR,22,norm,-0.22194986221324
cluster,man,pizza,pizza.mp4,EA,23,norm,-0.120993709400972
cluster,man,pizza,pizza.mp4,ACC,23,norm,0.292636800914341
cluster,man,pizza,pizza.mp4,HR,23,norm,-0.803160304175839
cluster,man,pizza,pizza.mp4,EA,24,norm,0.159767575001249
cluster,man,pizza,pizza.mp4,ACC,24,norm,0.0513757424464225
cluster,man,pizza,pizza.mp4,HR,24,norm,-0.815900615347811
cluster,man,pizza,pizza.mp4,EA,25,norm,0.262823246257798
cluster,man,pizza,pizza.mp4,ACC,25,norm,0.435484232258012
cluster,man,pizza,pizza.mp4,HR,25,norm,-0.771928331206131
cluster,man,pizza,pizza.mp4,EA,26,norm,0.279031482547631
cluster,man,pizza,pizza.mp4,ACC,26,norm,0.149170498604501
cluster,man,pizza,pizza.mp4,HR,26,norm,-0.678240021709408
cluster,man,pizza,pizza.mp4,EA,27,norm,0.202462578075464
cluster,man,pizza,pizza.mp4,ACC,27,norm,0.0610416867603467
cluster,man,pizza,pizza.mp4,HR,27,norm,-0.0880976722910212
cluster,man,pizza,pizza.mp4,EA,28,norm,0.107292124044603
cluster,man,pizza,pizza.mp4,ACC,28,norm,-0.0141066722919426
cluster,man,pizza,pizza.mp4,HR,28,norm,-0.149039806942349
cluster,man,pizza,pizza.mp4,EA,29,norm,0.0477593150344734
cluster,man,pizza,pizza.mp4,ACC,29,norm,0.11459168683046
cluster,man,pizza,pizza.mp4,HR,29,norm,-0.172027176090623
cluster,man,pizza,pizza.mp4,ACC,30,norm,0.171756601788928
cluster,man,pizza,pizza.mp4,EA,30,norm,-0.015597932336823
cluster,man,pizza,pizza.mp4,HR,30,norm,-0.00930389118628078
cluster,man,pizza,pizza.mp4,EA,31,norm,-0.113050558891615
cluster,man,pizza,pizza.mp4,ACC,31,norm,0.159057513558414
cluster,man,pizza,pizza.mp4,HR,31,norm,0.293488423865458
cluster,man,pizza,pizza.mp4,EA,32,norm,-0.170435654513818
cluster,man,pizza,pizza.mp4,ACC,32,norm,0.0778043689400563
cluster,man,pizza,pizza.mp4,HR,32,norm,0.117321741338092
cluster,man,pizza,pizza.mp4,EA,33,norm,-0.235506268975626
cluster,man,pizza,pizza.mp4,ACC,33,norm,0.0202431077436112
cluster,man,pizza,pizza.mp4,HR,33,norm,0.177400259046159
cluster,man,pizza,pizza.mp4,EA,34,norm,-0.319793947162353
cluster,man,pizza,pizza.mp4,ACC,34,norm,0.121802110423091
cluster,man,pizza,pizza.mp4,HR,34,norm,0.0563616629174945
cluster,man,pizza,pizza.mp4,EA,35,norm,-0.353215144004475
cluster,man,pizza,pizza.mp4,ACC,35,norm,0.110656448061845
cluster,man,pizza,pizza.mp4,HR,35,norm,-0.188168206652881
cluster,man,pizza,pizza.mp4,EA,36,norm,-0.391583440923943
cluster,man,pizza,pizza.mp4,ACC,36,norm,-0.0939130484890733
cluster,man,pizza,pizza.mp4,HR,36,norm,-0.392119933759048
cluster,man,pizza,pizza.mp4,ACC,37,norm,-0.00927492587842366
cluster,man,pizza,pizza.mp4,EA,37,norm,-0.347631666158817
cluster,man,pizza,pizza.mp4,HR,37,norm,-0.473819252338861
cluster,man,pizza,pizza.mp4,EA,38,norm,-0.189992994390354
cluster,man,pizza,pizza.mp4,ACC,38,norm,0.233331301355858
cluster,man,pizza,pizza.mp4,HR,38,norm,-0.507571042776545
cluster,man,pizza,pizza.mp4,EA,39,norm,-0.118326191292091
cluster,man,pizza,pizza.mp4,ACC,39,norm,0.212757004781495
cluster,man,pizza,pizza.mp4,HR,39,norm,-0.1940309464467
cluster,man,pizza,pizza.mp4,EA,40,norm,-0.0928947406090281
cluster,man,pizza,pizza.mp4,ACC,40,norm,-0.00707758810653121
cluster,man,pizza,pizza.mp4,HR,40,norm,0.184134661994312
cluster,man,pizza,pizza.mp4,EA,41,norm,-0.125756938028048
cluster,man,pizza,pizza.mp4,ACC,41,norm,0.201195725812212
cluster,man,pizza,pizza.mp4,HR,41,norm,0.0441247916567906
cluster,man,pizza,pizza.mp4,EA,42,norm,-0.158936983975462
cluster,man,pizza,pizza.mp4,ACC,42,norm,0.0596413807108165
cluster,man,pizza,pizza.mp4,HR,42,norm,0.169717802723567
cluster,man,pizza,pizza.mp4,ACC,43,norm,0.0734986024489652
cluster,man,pizza,pizza.mp4,EA,43,norm,-0.188170926150055
cluster,man,pizza,pizza.mp4,HR,43,norm,0.324207702122561
cluster,man,pizza,pizza.mp4,EA,44,norm,-0.277415078377789
cluster,man,pizza,pizza.mp4,ACC,44,norm,0.0685675491105603
cluster,man,pizza,pizza.mp4,HR,44,norm,0.336528723999412
cluster,man,pizza,pizza.mp4,ACC,45,norm,0.192338748606785
cluster,man,pizza,pizza.mp4,EA,45,norm,-0.34699354564574
cluster,man,pizza,pizza.mp4,HR,45,norm,0.787966881395343
cluster,man,pizza,pizza.mp4,ACC,46,norm,0.043753382839302
cluster,man,pizza,pizza.mp4,EA,46,norm,-0.375856152381797
cluster,man,pizza,pizza.mp4,HR,46,norm,0.867358620927325
cluster,man,pizza,pizza.mp4,EA,47,norm,-0.410558063132197
cluster,man,pizza,pizza.mp4,ACC,47,norm,0.0907664886827547
cluster,man,pizza,pizza.mp4,HR,47,norm,0.738416282197388
cluster,man,pizza,pizza.mp4,ACC,48,norm,0.039834888880046
cluster,man,pizza,pizza.mp4,EA,48,norm,-0.445668232875105
cluster,man,pizza,pizza.mp4,HR,48,norm,0.470766267062486
cluster,man,pizza,pizza.mp4,EA,49,norm,-0.432558293716634
cluster,man,pizza,pizza.mp4,ACC,49,norm,-0.00652345381144261
cluster,man,pizza,pizza.mp4,HR,49,norm,0.766847371031972
cluster,man,pizza,pizza.mp4,EA,50,norm,-0.378567535110538
cluster,man,pizza,pizza.mp4,ACC,50,norm,-0.194542745224297
cluster,man,pizza,pizza.mp4,HR,50,norm,1.00128285863913
cluster,man,pizza,pizza.mp4,EA,51,norm,-0.300115113435714
cluster,man,pizza,pizza.mp4,ACC,51,norm,0.0148544199040713
cluster,man,pizza,pizza.mp4,HR,51,norm,0.804218780030124
cluster,man,pizza,pizza.mp4,EA,52,norm,-0.264898823029029
cluster,man,pizza,pizza.mp4,ACC,52,norm,0.161468755001256
cluster,man,pizza,pizza.mp4,HR,52,norm,0.662263304492914
cluster,man,pizza,pizza.mp4,ACC,53,norm,0.00767098755712086
cluster,man,pizza,pizza.mp4,EA,53,norm,-0.224580054328101
cluster,man,pizza,pizza.mp4,HR,53,norm,0.837595575821833
cluster,man,pizza,pizza.mp4,ACC,54,norm,0.0737591558216999
cluster,man,pizza,pizza.mp4,EA,54,norm,-0.256053486147108
cluster,man,pizza,pizza.mp4,HR,54,norm,0.639050101534933
cluster,man,pizza,pizza.mp4,ACC,55,norm,0.0754183205698577
cluster,man,pizza,pizza.mp4,EA,55,norm,-0.241411110964282
cluster,man,pizza,pizza.mp4,HR,55,norm,0.545034057086718
cluster,man,pizza,pizza.mp4,ACC,56,norm,-0.0609196504924662
cluster,man,pizza,pizza.mp4,EA,56,norm,-0.127158430468054
cluster,man,pizza,pizza.mp4,HR,56,norm,0.0112376053328119
cluster,man,pizza,pizza.mp4,ACC,57,norm,-0.0558435022606654
cluster,man,pizza,pizza.mp4,EA,57,norm,-0.0385554394861945
cluster,man,pizza,pizza.mp4,HR,57,norm,-0.105336122498494
cluster,man,pizza,pizza.mp4,ACC,58,norm,-0.0496271905836499
cluster,man,pizza,pizza.mp4,EA,58,norm,-0.0494716263186781
cluster,man,pizza,pizza.mp4,HR,58,norm,-0.348599125819889
cluster,man,pizza,pizza.mp4,ACC,59,norm,0.000243762917034527
cluster,man,pizza,pizza.mp4,EA,59,norm,-0.146540064701221
cluster,man,pizza,pizza.mp4,HR,59,norm,-0.294013976407303
cluster,man,pizza,pizza.mp4,ACC,60,norm,-0.16731168656271
cluster,man,pizza,pizza.mp4,EA,60,norm,-0.195230273647329
cluster,man,pizza,pizza.mp4,HR,60,norm,-0.0677277500669366
cluster,man,pizza,pizza.mp4,ACC,61,norm,0.125772431091908
cluster,man,pizza,pizza.mp4,EA,61,norm,-0.240322496621679
cluster,man,pizza,pizza.mp4,HR,61,norm,-0.0243498267052921
cluster,man,pizza,pizza.mp4,ACC,62,norm,-0.0265138986665556
cluster,man,pizza,pizza.mp4,EA,62,norm,-0.300569037793974
cluster,man,pizza,pizza.mp4,HR,62,norm,0.453129004495537
cluster,man,pizza,pizza.mp4,ACC,63,norm,0.0955196431170762
cluster,man,pizza,pizza.mp4,EA,63,norm,-0.351764093850502
cluster,man,pizza,pizza.mp4,HR,63,norm,0.56624983901766
cluster,man,pizza,pizza.mp4,ACC,64,norm,-0.142504821118789
cluster,man,pizza,pizza.mp4,EA,64,norm,-0.361038992770139
cluster,man,pizza,pizza.mp4,HR,64,norm,0.46847670259646
cluster,man,pizza,pizza.mp4,ACC,65,norm,-0.0759279210663965
cluster,man,pizza,pizza.mp4,EA,65,norm,-0.326625960754158
cluster,man,pizza,pizza.mp4,HR,65,norm,0.768476962472889
cluster,man,pizza,pizza.mp4,ACC,66,norm,-0.0229426424215036
cluster,man,pizza,pizza.mp4,EA,66,norm,-0.289597006772987
cluster,man,pizza,pizza.mp4,HR,66,norm,0.588647057416108
cluster,man,pizza,pizza.mp4,ACC,67,norm,-0.0616332675540306
cluster,man,pizza,pizza.mp4,EA,67,norm,-0.293471718681587
cluster,man,pizza,pizza.mp4,HR,67,norm,0.379558063190773
cluster,man,pizza,pizza.mp4,ACC,68,norm,-0.127013283780729
cluster,man,pizza,pizza.mp4,EA,68,norm,-0.280507480530436
cluster,man,pizza,pizza.mp4,HR,68,norm,0.675869325322168
cluster,man,pizza,pizza.mp4,ACC,69,norm,-0.0722089482205869
cluster,man,pizza,pizza.mp4,EA,69,norm,-0.294330226892309
cluster,man,pizza,pizza.mp4,HR,69,norm,0.369458628261644
cluster,man,pizza,pizza.mp4,ACC,70,norm,-0.0223138761527631
cluster,man,pizza,pizza.mp4,EA,70,norm,-0.32823233184192
cluster,man,pizza,pizza.mp4,HR,70,norm,0.479398198101367
cluster,man,pizza,pizza.mp4,ACC,71,norm,0.0307091583666423
cluster,man,pizza,pizza.mp4,EA,71,norm,-0.389571755280474
cluster,man,pizza,pizza.mp4,HR,71,norm,0.987041830027405
cluster,man,pizza,pizza.mp4,ACC,72,norm,-0.132616832929936
cluster,man,pizza,pizza.mp4,EA,72,norm,-0.421699983419775
cluster,man,pizza,pizza.mp4,HR,72,norm,0.744502225148911
cluster,man,pizza,pizza.mp4,ACC,73,norm,0.0448517509135402
cluster,man,pizza,pizza.mp4,EA,73,norm,-0.461897221594168
cluster,man,pizza,pizza.mp4,HR,73,norm,0.838878647622729
cluster,man,pizza,pizza.mp4,ACC,74,norm,-0.0708609428966979
cluster,man,pizza,pizza.mp4,EA,74,norm,-0.497687642034152
cluster,man,pizza,pizza.mp4,HR,74,norm,0.650564308060067
cluster,man,pizza,pizza.mp4,ACC,75,norm,-0.0263587997994636
cluster,man,pizza,pizza.mp4,EA,75,norm,-0.55644143447597
cluster,man,pizza,pizza.mp4,HR,75,norm,0.693024103143461
cluster,man,pizza,pizza.mp4,ACC,76,norm,-0.0474239719707782
cluster,man,pizza,pizza.mp4,EA,76,norm,-0.592462166963057
cluster,man,pizza,pizza.mp4,HR,76,norm,0.329176511894916
cluster,man,pizza,pizza.mp4,ACC,77,norm,-0.0927591001838161
cluster,man,pizza,pizza.mp4,EA,77,norm,-0.653790180053528
cluster,man,pizza,pizza.mp4,HR,77,norm,-0.225754953898221
cluster,man,pizza,pizza.mp4,ACC,78,norm,-0.107390670763361
cluster,man,pizza,pizza.mp4,EA,78,norm,-0.695112585616095
cluster,man,pizza,pizza.mp4,HR,78,norm,-0.487128660779031
cluster,man,pizza,pizza.mp4,ACC,79,norm,-0.118259926402248
cluster,man,pizza,pizza.mp4,EA,79,norm,-0.702207132842644
cluster,man,pizza,pizza.mp4,HR,79,norm,-0.115513988926468
cluster,man,pizza,pizza.mp4,ACC,80,norm,-0.0623155123673295
cluster,man,pizza,pizza.mp4,EA,80,norm,-0.712635422350571
cluster,man,pizza,pizza.mp4,HR,80,norm,-0.452803582515405
cluster,man,pizza,pizza.mp4,ACC,81,norm,0.0407833345720768
cluster,man,pizza,pizza.mp4,EA,81,norm,-0.729724718039247
cluster,man,pizza,pizza.mp4,HR,81,norm,-0.397843841558041
cluster,man,pizza,pizza.mp4,ACC,82,norm,-0.0412779197450049
cluster,man,pizza,pizza.mp4,EA,82,norm,-0.734973166772683
cluster,man,pizza,pizza.mp4,HR,82,norm,-0.337317725400129
cluster,man,pizza,pizza.mp4,ACC,83,norm,-0.128040144053078
cluster,man,pizza,pizza.mp4,EA,83,norm,-0.707097993966437
cluster,man,pizza,pizza.mp4,HR,83,norm,0.425814805398266
cluster,man,pizza,pizza.mp4,ACC,84,norm,-0.0326917478211082
cluster,man,pizza,pizza.mp4,EA,84,norm,-0.654406024781654
cluster,man,pizza,pizza.mp4,HR,84,norm,0.128686170852145
cluster,man,pizza,pizza.mp4,ACC,85,norm,-0.130356820591982
cluster,man,pizza,pizza.mp4,EA,85,norm,-0.610522009432152
cluster,man,pizza,pizza.mp4,HR,85,norm,0.0394374192573739
cluster,man,pizza,pizza.mp4,ACC,86,norm,-0.0870271898919795
cluster,man,pizza,pizza.mp4,EA,86,norm,-0.639407568838147
cluster,man,pizza,pizza.mp4,HR,86,norm,-0.446302195936771
cluster,man,pizza,pizza.mp4,ACC,87,norm,-0.25045279925818
cluster,man,pizza,pizza.mp4,EA,87,norm,-0.713987870820303
cluster,man,pizza,pizza.mp4,HR,87,norm,-0.711822112797532
cluster,man,pizza,pizza.mp4,ACC,88,norm,-0.0378349418886127
cluster,man,pizza,pizza.mp4,EA,88,norm,-0.724059226161225
cluster,man,pizza,pizza.mp4,HR,88,norm,-0.331718877768122
cluster,man,pizza,pizza.mp4,ACC,89,norm,-0.0821969113463062
cluster,man,pizza,pizza.mp4,EA,89,norm,-0.777292558968832
cluster,man,pizza,pizza.mp4,HR,89,norm,-0.426169938040922
cluster,man,pizza,pizza.mp4,ACC,90,norm,-0.0890810121235165
cluster,man,pizza,pizza.mp4,EA,90,norm,-0.810248367107511
cluster,man,pizza,pizza.mp4,HR,90,norm,-0.526988031260778
cluster,man,pizza,pizza.mp4,ACC,91,norm,-0.0600160244794311
cluster,man,pizza,pizza.mp4,EA,91,norm,-0.84062594827131
cluster,man,pizza,pizza.mp4,HR,91,norm,-0.39670318097489
cluster,man,pizza,pizza.mp4,ACC,92,norm,0.129020915438812
cluster,man,pizza,pizza.mp4,EA,92,norm,-0.874962261850583
cluster,man,pizza,pizza.mp4,HR,92,norm,-0.321905038141109
cluster,man,pizza,pizza.mp4,ACC,93,norm,-0.156040201816859
cluster,man,pizza,pizza.mp4,EA,93,norm,-0.926076229368833
cluster,man,pizza,pizza.mp4,HR,93,norm,-0.0790982092263163
cluster,man,pizza,pizza.mp4,ACC,94,norm,0.139312995574197
cluster,man,pizza,pizza.mp4,EA,94,norm,-0.881360397914896
narrative_order,end,benz,LATE_MB.mp4,ACC,59,norm,-0.310379006392477
narrative_order,end,benz,LATE_MB.mp4,EA,59,norm,0.882208537983947
narrative_order,end,benz,LATE_MB.mp4,HR,59,norm,0.441306632333493
narrative_order,end,benz,LATE_MB.mp4,ACC,60,norm,-0.20079295556517
narrative_order,end,benz,LATE_MB.mp4,EA,60,norm,0.782307862588151
narrative_order,end,benz,LATE_MB.mp4,HR,60,norm,-0.3312369217905
narrative_order,end,benz,LATE_MB.mp4,ACC,61,norm,-0.135105219528474
narrative_order,end,benz,LATE_MB.mp4,EA,61,norm,0.719181391826503
narrative_order,end,benz,LATE_MB.mp4,HR,61,norm,-0.282607570744076
narrative_order,end,benz,LATE_MB.mp4,ACC,62,norm,-0.353554683890643
narrative_order,end,benz,LATE_MB.mp4,EA,62,norm,0.634616204329812
narrative_order,end,benz,LATE_MB.mp4,HR,62,norm,-0.233838880582896
narrative_order,end,benz,LATE_MB.mp4,ACC,63,norm,-0.219812074441784
narrative_order,end,benz,LATE_MB.mp4,EA,63,norm,0.615388163185578
narrative_order,end,benz,LATE_MB.mp4,HR,63,norm,-0.282607570744076
cluster,man,pizza,pizza.mp4,HR,94,norm,1.17901400497179
